rep,V,E,label,lang,ta_ms,tb_ms,check
1,250,2000,8V,C,0.061422,0.002881,ok
1,250,2000,8V,C++,0.062675,0.003034,ok
1,250,2000,8V,Rust,0.053044,0.003017,ok
1,250,2000,8V,Go,0.071946,0.006180,ok
1,250,2000,8V,Java,0.038948,0.004170,ok
1,250,2000,8V,C#,0.051180,0.005350,ok
1,250,2000,8V,JavaScript,0.082950,0.010593,ok
1,250,2000,8V,Python,2.078664,0.437425,ok
1,250,623,1%,C,0.050746,0.002422,ok
1,250,623,1%,C++,0.049967,0.002406,ok
1,250,623,1%,Rust,0.048117,0.002279,ok
1,250,623,1%,Go,0.061314,0.004594,ok
1,250,623,1%,Java,0.033309,0.003069,ok
1,250,623,1%,C#,0.044151,0.003471,ok
1,250,623,1%,JavaScript,0.064201,0.007498,ok
1,250,623,1%,Python,2.119289,0.359572,ok
1,250,6225,10%,C,0.092479,0.004364,ok
1,250,6225,10%,C++,0.088171,0.004614,ok
1,250,6225,10%,Rust,0.083763,0.005054,ok
1,250,6225,10%,Go,0.096806,0.013996,ok
1,250,6225,10%,Java,0.067792,0.007387,ok
1,250,6225,10%,C#,0.083633,0.010664,ok
1,250,6225,10%,JavaScript,0.110119,0.017688,ok
1,250,6225,10%,Python,2.279918,0.652005,ok
1,250,15563,25%,C,0.155476,0.007761,ok
1,250,15563,25%,C++,0.154326,0.008100,ok
1,250,15563,25%,Rust,0.143488,0.010038,ok
1,250,15563,25%,Go,0.155786,0.019707,ok
1,250,15563,25%,Java,0.130640,0.014254,ok
1,250,15563,25%,C#,0.139941,0.021698,ok
1,250,15563,25%,JavaScript,0.178744,0.031935,ok
1,250,15563,25%,Python,2.511862,1.049300,ok
1,250,31125,50%,C,0.220255,0.014285,ok
1,250,31125,50%,C++,0.215977,0.013674,ok
1,250,31125,50%,Rust,0.228785,0.018354,ok
1,250,31125,50%,Go,0.218674,0.034914,ok
1,250,31125,50%,Java,0.196780,0.025799,ok
1,250,31125,50%,C#,0.211749,0.040217,ok
1,250,31125,50%,JavaScript,0.246658,0.053268,ok
1,250,31125,50%,Python,2.824534,1.593486,ok
1,250,46688,75%,C,0.148940,0.019892,ok
1,250,46688,75%,C++,0.155651,0.020035,ok
1,250,46688,75%,Rust,0.143360,0.026316,ok
1,250,46688,75%,Go,0.153469,0.049929,ok
1,250,46688,75%,Java,0.129715,0.037478,ok
1,250,46688,75%,C#,0.151822,0.055464,ok
1,250,46688,75%,JavaScript,0.187049,0.071993,ok
1,250,46688,75%,Python,3.050701,2.222403,ok
1,250,56025,90%,C,0.093119,0.024038,ok
1,250,56025,90%,C++,0.090239,0.024249,ok
1,250,56025,90%,Rust,0.085192,0.031815,ok
1,250,56025,90%,Go,0.102886,0.057025,ok
1,250,56025,90%,Java,0.074378,0.043792,ok
1,250,56025,90%,C#,0.089164,0.066107,ok
1,250,56025,90%,JavaScript,0.122525,0.083972,ok
1,250,56025,90%,Python,3.044171,2.452393,ok
1,250,62250,100%,C,0.054298,0.025249,ok
1,250,62250,100%,C++,0.054377,0.025499,ok
1,250,62250,100%,Rust,0.052894,0.033227,ok
1,250,62250,100%,Go,0.069861,0.062121,ok
1,250,62250,100%,Java,0.038711,0.048147,ok
1,250,62250,100%,C#,0.052417,0.075083,ok
1,250,62250,100%,JavaScript,0.079344,0.092959,ok
1,250,62250,100%,Python,3.094317,2.817077,ok
1,250,31125,adv,C,0.037825,0.160314,ok
1,250,31125,adv,C++,0.038276,0.159759,ok
1,250,31125,adv,Rust,0.047244,0.157012,ok
1,250,31125,adv,Go,0.078175,0.287306,ok
1,250,31125,adv,Java,0.029926,0.193460,ok
1,250,31125,adv,C#,0.058129,0.245242,ok
1,250,31125,adv,JavaScript,0.062336,0.854745,ok
1,250,31125,adv,Python,3.084137,17.155840,ok
1,500,4000,8V,C,0.222096,0.006130,ok
1,500,4000,8V,C++,0.225338,0.006143,ok
1,500,4000,8V,Rust,0.215338,0.006225,ok
1,500,4000,8V,Go,0.303338,0.015070,ok
1,500,4000,8V,Java,0.188646,0.009822,ok
1,500,4000,8V,C#,0.229930,0.014024,ok
1,500,4000,8V,JavaScript,0.304030,0.022154,ok
1,500,4000,8V,Python,8.863077,1.091467,ok
1,500,2495,1%,C,0.197317,0.005647,ok
1,500,2495,1%,C++,0.200256,0.006196,ok
1,500,2495,1%,Rust,0.194407,0.005183,ok
1,500,2495,1%,Go,0.275871,0.013861,ok
1,500,2495,1%,Java,0.178541,0.007792,ok
1,500,2495,1%,C#,0.193646,0.010846,ok
1,500,2495,1%,JavaScript,0.292618,0.018954,ok
1,500,2495,1%,Python,9.033397,1.007042,ok
1,500,24950,10%,C,0.403379,0.016189,ok
1,500,24950,10%,C++,0.397867,0.020123,ok
1,500,24950,10%,Rust,0.369171,0.022099,ok
1,500,24950,10%,Go,0.452340,0.038409,ok
1,500,24950,10%,Java,0.346253,0.027039,ok
1,500,24950,10%,C#,0.394040,0.040695,ok
1,500,24950,10%,JavaScript,0.493721,0.065209,ok
1,500,24950,10%,Python,9.393874,2.227725,ok
1,500,62375,25%,C,0.675485,0.038209,ok
1,500,62375,25%,C++,0.666836,0.044387,ok
1,500,62375,25%,Rust,0.621994,0.047043,ok
1,500,62375,25%,Go,0.661663,0.082968,ok
1,500,62375,25%,Java,0.591401,0.061611,ok
1,500,62375,25%,C#,0.614528,0.086310,ok
1,500,62375,25%,JavaScript,0.780492,0.123243,ok
1,500,62375,25%,Python,10.599295,3.989091,ok
1,500,124750,50%,C,0.928841,0.062312,ok
1,500,124750,50%,C++,0.917330,0.065411,ok
1,500,124750,50%,Rust,0.972479,0.080538,ok
1,500,124750,50%,Go,0.942725,0.138382,ok
1,500,124750,50%,Java,0.829643,0.115160,ok
1,500,124750,50%,C#,0.895076,0.161017,ok
1,500,124750,50%,JavaScript,1.050052,0.209546,ok
1,500,124750,50%,Python,12.207830,6.692196,ok
1,500,187125,75%,C,0.646280,0.095227,ok
1,500,187125,75%,C++,0.627793,0.100190,ok
1,500,187125,75%,Rust,0.624845,0.109934,ok
1,500,187125,75%,Go,0.644543,0.194349,ok
1,500,187125,75%,Java,0.575127,0.157159,ok
1,500,187125,75%,C#,0.623545,0.226816,ok
1,500,187125,75%,JavaScript,0.777322,0.284778,ok
1,500,187125,75%,Python,12.698356,8.271891,ok
1,500,224550,90%,C,0.421342,0.102700,ok
1,500,224550,90%,C++,0.417428,0.106007,ok
1,500,224550,90%,Rust,0.404717,0.130545,ok
1,500,224550,90%,Go,0.471542,0.240967,ok
1,500,224550,90%,Java,0.359561,0.184531,ok
1,500,224550,90%,C#,0.427279,0.278639,ok
1,500,224550,90%,JavaScript,0.518015,0.349973,ok
1,500,224550,90%,Python,12.971303,9.777905,ok
1,500,249500,100%,C,0.217294,0.122545,ok
1,500,249500,100%,C++,0.208893,0.117810,ok
1,500,249500,100%,Rust,0.214378,0.146728,ok
1,500,249500,100%,Go,0.319323,0.264056,ok
1,500,249500,100%,Java,0.209565,0.185376,ok
1,500,249500,100%,C#,0.254526,0.295262,ok
1,500,249500,100%,JavaScript,0.355225,0.364004,ok
1,500,249500,100%,Python,13.227683,10.910249,ok
1,500,124750,adv,C,0.137657,0.715143,ok
1,500,124750,adv,C++,0.141062,0.707657,ok
1,500,124750,adv,Rust,0.174458,0.681291,ok
1,500,124750,adv,Go,0.306970,1.285522,ok
1,500,124750,adv,Java,0.109040,0.949946,ok
1,500,124750,adv,C#,0.176381,1.044056,ok
1,500,124750,adv,JavaScript,0.228841,4.193037,ok
1,500,124750,adv,Python,12.651194,82.911033,ok
1,1000,8000,8V,C,0.798160,0.048947,ok
1,1000,8000,8V,C++,0.836661,0.055217,ok
1,1000,8000,8V,Rust,0.800192,0.041704,ok
1,1000,8000,8V,Go,1.078909,0.068086,ok
1,1000,8000,8V,Java,0.679851,0.051020,ok
1,1000,8000,8V,C#,0.810965,0.049022,ok
1,1000,8000,8V,JavaScript,1.058863,0.100312,ok
1,1000,8000,8V,Python,37.442083,2.362093,ok
1,1000,9990,1%,C,0.840164,0.048902,ok
1,1000,9990,1%,C++,0.828756,0.055617,ok
1,1000,9990,1%,Rust,0.782312,0.033350,ok
1,1000,9990,1%,Go,1.062714,0.069330,ok
1,1000,9990,1%,Java,0.663566,0.038961,ok
1,1000,9990,1%,C#,0.853049,0.053140,ok
1,1000,9990,1%,JavaScript,1.068888,0.103649,ok
1,1000,9990,1%,Python,37.481828,2.460528,ok
1,1000,99900,10%,C,1.634556,0.122577,ok
1,1000,99900,10%,C++,1.647776,0.119150,ok
1,1000,99900,10%,Rust,1.530301,0.129925,ok
1,1000,99900,10%,Go,1.759192,0.189516,ok
1,1000,99900,10%,Java,1.324817,0.144054,ok
1,1000,99900,10%,C#,1.545185,0.215713,ok
1,1000,99900,10%,JavaScript,2.261852,0.275572,ok
1,1000,99900,10%,Python,38.567613,6.719215,ok
1,1000,249750,25%,C,2.619329,0.184253,ok
1,1000,249750,25%,C++,2.686794,0.182960,ok
1,1000,249750,25%,Rust,2.519348,0.208343,ok
1,1000,249750,25%,Go,2.606355,0.336441,ok
1,1000,249750,25%,Java,2.214543,0.262488,ok
1,1000,249750,25%,C#,2.431338,0.377714,ok
1,1000,249750,25%,JavaScript,3.010102,0.477901,ok
1,1000,249750,25%,Python,43.828992,13.558975,ok
1,1000,499500,50%,C,3.719332,0.284054,ok
1,1000,499500,50%,C++,3.771480,0.292697,ok
1,1000,499500,50%,Rust,4.013533,0.336367,ok
1,1000,499500,50%,Go,3.659733,0.561449,ok
1,1000,499500,50%,Java,3.175785,0.449774,ok
1,1000,499500,50%,C#,3.553256,0.667036,ok
1,1000,499500,50%,JavaScript,4.066687,0.808925,ok
1,1000,499500,50%,Python,49.477207,23.691641,ok
1,1000,749250,75%,C,2.610309,0.381822,ok
1,1000,749250,75%,C++,2.553927,0.375738,ok
1,1000,749250,75%,Rust,2.563840,0.459540,ok
1,1000,749250,75%,Go,2.538157,0.783753,ok
1,1000,749250,75%,Java,2.145582,0.637575,ok
1,1000,749250,75%,C#,2.473362,0.937397,ok
1,1000,749250,75%,JavaScript,3.058731,1.130768,ok
1,1000,749250,75%,Python,52.333332,32.017108,ok
1,1000,899100,90%,C,1.651527,0.439860,ok
1,1000,899100,90%,C++,1.655058,0.446359,ok
1,1000,899100,90%,Rust,1.598334,0.538032,ok
1,1000,899100,90%,Go,1.790626,0.933045,ok
1,1000,899100,90%,Java,1.374448,0.751307,ok
1,1000,899100,90%,C#,1.691189,1.092815,ok
1,1000,899100,90%,JavaScript,2.023115,1.334749,ok
1,1000,899100,90%,Python,51.517453,36.353984,ok
1,1000,999000,100%,C,0.865420,0.473028,ok
1,1000,999000,100%,C++,0.835041,0.513347,ok
1,1000,999000,100%,Rust,0.867784,0.584525,ok
1,1000,999000,100%,Go,1.202761,1.038752,ok
1,1000,999000,100%,Java,0.738056,0.825950,ok
1,1000,999000,100%,C#,0.952033,1.225254,ok
1,1000,999000,100%,JavaScript,1.322576,1.410962,ok
1,1000,999000,100%,Python,51.939869,40.808663,ok
1,1000,499500,adv,C,0.543465,3.118071,ok
1,1000,499500,adv,C++,0.541483,3.164849,ok
1,1000,499500,adv,Rust,0.676432,3.024993,ok
1,1000,499500,adv,Go,1.277882,5.659278,ok
1,1000,499500,adv,Java,0.447048,3.995449,ok
1,1000,499500,adv,C#,0.718464,4.868086,ok
1,1000,499500,adv,JavaScript,1.440507,19.798418,ok
1,1000,499500,adv,Python,52.233336,376.714204,ok
1,2000,16000,8V,C,4.107324,0.140174,ok
1,2000,16000,8V,C++,4.043846,0.144825,ok
1,2000,16000,8V,Rust,3.440478,0.140452,ok
1,2000,16000,8V,Go,4.710001,0.179517,ok
1,2000,16000,8V,Java,2.993533,0.162628,ok
1,2000,16000,8V,C#,3.493075,0.163903,ok
1,2000,16000,8V,JavaScript,4.477016,0.234929,ok
1,2000,16000,8V,Python,147.294897,5.069523,ok
1,2000,39980,1%,C,4.323543,0.169719,ok
1,2000,39980,1%,C++,4.263604,0.169753,ok
1,2000,39980,1%,Rust,3.584942,0.171235,ok
1,2000,39980,1%,Go,4.714866,0.226512,ok
1,2000,39980,1%,Java,2.861608,0.201127,ok
1,2000,39980,1%,C#,3.727733,0.216896,ok
1,2000,39980,1%,JavaScript,4.742063,0.301022,ok
1,2000,39980,1%,Python,148.428095,6.377682,ok
1,2000,399800,10%,C,6.604135,0.359230,ok
1,2000,399800,10%,C++,6.614736,0.378987,ok
1,2000,399800,10%,Rust,6.200602,0.427074,ok
1,2000,399800,10%,Go,7.096150,0.625598,ok
1,2000,399800,10%,Java,5.346262,0.546125,ok
1,2000,399800,10%,C#,6.177340,0.718336,ok
1,2000,399800,10%,JavaScript,7.603838,0.887206,ok
1,2000,399800,10%,Python,158.669380,22.591293,ok
1,2000,999500,25%,C,11.091707,0.619365,ok
1,2000,999500,25%,C++,10.697113,0.630589,ok
1,2000,999500,25%,Rust,10.519141,0.739052,ok
1,2000,999500,25%,Go,10.533453,1.205339,ok
1,2000,999500,25%,Java,9.292107,1.010829,ok
1,2000,999500,25%,C#,9.812225,1.368243,ok
1,2000,999500,25%,JavaScript,13.903586,1.660973,ok
1,2000,999500,25%,Python,176.015120,45.991260,ok
1,2000,1999000,50%,C,15.022761,1.302680,ok
1,2000,1999000,50%,C++,15.166520,1.264185,ok
1,2000,1999000,50%,Rust,16.354642,1.416638,ok
1,2000,1999000,50%,Go,14.784574,2.157767,ok
1,2000,1999000,50%,Java,13.679168,1.807654,ok
1,2000,1999000,50%,C#,15.552150,2.586100,ok
1,2000,1999000,50%,JavaScript,16.534045,2.960022,ok
1,2000,1999000,50%,Python,197.620350,87.387941,ok
1,2000,2998500,75%,C,10.435374,2.175345,ok
1,2000,2998500,75%,C++,10.206989,2.296707,ok
1,2000,2998500,75%,Rust,10.172272,2.099243,ok
1,2000,2998500,75%,Go,10.271431,3.189117,ok
1,2000,2998500,75%,Java,8.836980,2.488345,ok
1,2000,2998500,75%,C#,10.098650,3.738850,ok
1,2000,2998500,75%,JavaScript,11.764552,4.340599,ok
1,2000,2998500,75%,Python,211.666816,120.715339,ok
1,2000,3598200,90%,C,6.562291,2.712823,ok
1,2000,3598200,90%,C++,6.686506,2.591134,ok
1,2000,3598200,90%,Rust,6.558975,2.521429,ok
1,2000,3598200,90%,Go,7.058524,3.654802,ok
1,2000,3598200,90%,Java,5.593946,3.000493,ok
1,2000,3598200,90%,C#,6.452980,4.442771,ok
1,2000,3598200,90%,JavaScript,9.912006,5.241650,ok
1,2000,3598200,90%,Python,211.926903,143.747664,ok
1,2000,3998000,100%,C,4.014463,3.094879,ok
1,2000,3998000,100%,C++,3.788480,3.252320,ok
1,2000,3998000,100%,Rust,3.667697,2.714532,ok
1,2000,3998000,100%,Go,4.916040,4.204050,ok
1,2000,3998000,100%,Java,3.086382,3.342501,ok
1,2000,3998000,100%,C#,3.760388,4.919871,ok
1,2000,3998000,100%,JavaScript,7.228965,5.626705,ok
1,2000,3998000,100%,Python,210.819680,155.041408,ok
1,2000,1999000,adv,C,2.857830,13.596099,ok
1,2000,1999000,adv,C++,2.802430,13.526554,ok
1,2000,1999000,adv,Rust,3.165254,12.672656,ok
1,2000,1999000,adv,Go,5.301417,24.257821,ok
1,2000,1999000,adv,Java,2.033001,16.612051,ok
1,2000,1999000,adv,C#,2.937900,20.359800,ok
1,2000,1999000,adv,JavaScript,5.874855,89.026019,ok
1,2000,1999000,adv,Python,210.200993,1682.494720,ok
1,4000,32000,8V,C,18.470582,0.322908,ok
1,4000,32000,8V,C++,19.346008,0.334152,ok
1,4000,32000,8V,Rust,15.016537,0.325411,ok
1,4000,32000,8V,Go,18.201542,0.412158,ok
1,4000,32000,8V,Java,13.186519,0.385270,ok
1,4000,32000,8V,C#,14.645967,0.391666,ok
1,4000,32000,8V,JavaScript,18.458522,0.529899,ok
1,4000,32000,8V,Python,598.029701,10.565426,ok
1,4000,159960,1%,C,18.590187,0.478629,ok
1,4000,159960,1%,C++,17.593171,0.489219,ok
1,4000,159960,1%,Rust,16.077174,0.516165,ok
1,4000,159960,1%,Go,19.455476,0.654765,ok
1,4000,159960,1%,Java,13.727064,0.628375,ok
1,4000,159960,1%,C#,15.608800,0.671049,ok
1,4000,159960,1%,JavaScript,19.840774,0.904054,ok
1,4000,159960,1%,Python,592.137735,17.601663,ok
1,4000,1599600,10%,C,26.364084,1.330743,ok
1,4000,1599600,10%,C++,27.245498,1.397116,ok
1,4000,1599600,10%,Rust,24.932360,1.563792,ok
1,4000,1599600,10%,Go,28.527939,2.282382,ok
1,4000,1599600,10%,Java,20.962986,1.868060,ok
1,4000,1599600,10%,C#,24.018150,2.497915,ok
1,4000,1599600,10%,JavaScript,29.358454,3.033155,ok
1,4000,1599600,10%,Python,639.014576,76.227146,ok
1,4000,3999000,25%,C,43.739948,3.356597,ok
1,4000,3999000,25%,C++,43.659651,3.542673,ok
1,4000,3999000,25%,Rust,42.872435,3.198546,ok
1,4000,3999000,25%,Go,43.495844,4.742053,ok
1,4000,3999000,25%,Java,35.708007,4.016250,ok
1,4000,3999000,25%,C#,39.962400,5.606533,ok
1,4000,3999000,25%,JavaScript,50.415830,6.337541,ok
1,4000,3999000,25%,Python,701.363130,171.225420,ok
1,4000,7998000,50%,C,59.126629,6.120413,ok
1,4000,7998000,50%,C++,61.349429,6.519097,ok
1,4000,7998000,50%,Rust,64.995553,5.623850,ok
1,4000,7998000,50%,Go,59.755451,8.323611,ok
1,4000,7998000,50%,Java,54.724476,7.444637,ok
1,4000,7998000,50%,C#,59.677000,9.719925,ok
1,4000,7998000,50%,JavaScript,70.380632,11.336804,ok
1,4000,7998000,50%,Python,805.287295,320.178406,ok
1,4000,11997000,75%,C,40.840035,10.125025,ok
1,4000,11997000,75%,C++,42.240030,10.586515,ok
1,4000,11997000,75%,Rust,40.485589,8.589858,ok
1,4000,11997000,75%,Go,39.899827,12.488496,ok
1,4000,11997000,75%,Java,34.535536,10.731199,ok
1,4000,11997000,75%,C#,39.112000,14.717400,ok
1,4000,11997000,75%,JavaScript,46.717270,16.546114,ok
1,4000,11997000,75%,Python,837.009930,467.576525,ok
1,4000,14396400,90%,C,26.587474,12.084112,ok
1,4000,14396400,90%,C++,26.501732,12.794932,ok
1,4000,14396400,90%,Rust,25.476000,9.635722,ok
1,4000,14396400,90%,Go,27.527502,14.458751,ok
1,4000,14396400,90%,Java,21.031881,12.710216,ok
1,4000,14396400,90%,C#,24.648900,17.229500,ok
1,4000,14396400,90%,JavaScript,30.494726,19.459834,ok
1,4000,14396400,90%,Python,831.033849,548.496678,ok
1,4000,15996000,100%,C,16.308347,13.050305,ok
1,4000,15996000,100%,C++,16.963848,13.380631,ok
1,4000,15996000,100%,Rust,15.342595,10.705760,ok
1,4000,15996000,100%,Go,19.049959,15.506645,ok
1,4000,15996000,100%,Java,12.658532,14.010370,ok
1,4000,15996000,100%,C#,14.916433,18.542850,ok
1,4000,15996000,100%,JavaScript,20.843933,21.374357,ok
1,4000,15996000,100%,Python,859.295305,619.503132,ok
1,4000,7998000,adv,C,12.630986,59.213317,ok
1,4000,7998000,adv,C++,11.740473,58.892374,ok
1,4000,7998000,adv,Rust,13.416089,55.905417,ok
1,4000,7998000,adv,Go,21.639265,104.979529,ok
1,4000,7998000,adv,Java,10.317950,79.608867,ok
1,4000,7998000,adv,C#,12.562767,88.037800,ok
1,4000,7998000,adv,JavaScript,15.458292,408.719953,ok
1,4000,7998000,adv,Python,825.451475,7340.442330,ok
1,8000,64000,8V,C,66.190548,0.725298,ok
1,8000,64000,8V,C++,68.237662,0.752910,ok
1,8000,64000,8V,Rust,56.797875,0.735346,ok
1,8000,64000,8V,Go,70.732958,0.918660,ok
1,8000,64000,8V,Java,52.997017,0.845073,ok
1,8000,64000,8V,C#,54.241100,0.880006,ok
1,8000,64000,8V,JavaScript,76.454037,1.144700,ok
1,8000,64000,8V,Python,2431.061923,22.325487,ok
1,8000,639920,1%,C,73.908793,1.312607,ok
1,8000,639920,1%,C++,72.229062,1.334329,ok
1,8000,639920,1%,Rust,59.416799,1.457365,ok
1,8000,639920,1%,Go,73.691313,1.909326,ok
1,8000,639920,1%,Java,51.969669,1.733173,ok
1,8000,639920,1%,C#,61.928300,2.005880,ok
1,8000,639920,1%,JavaScript,79.840566,2.554760,ok
1,8000,639920,1%,Python,2306.662056,50.392188,ok
1,8000,6399200,10%,C,105.968820,6.373960,ok
1,8000,6399200,10%,C++,105.804947,6.696564,ok
1,8000,6399200,10%,Rust,95.334153,6.170401,ok
1,8000,6399200,10%,Go,113.165880,8.590289,ok
1,8000,6399200,10%,Java,83.973327,7.450587,ok
1,8000,6399200,10%,C#,95.751300,9.766950,ok
1,8000,6399200,10%,JavaScript,121.163014,11.080868,ok
1,8000,6399200,10%,Python,2513.780670,271.059869,ok
1,8000,15998000,25%,C,172.133943,14.016035,ok
1,8000,15998000,25%,C++,174.604747,13.870654,ok
1,8000,15998000,25%,Rust,171.577283,12.617715,ok
1,8000,15998000,25%,Go,191.743725,18.283825,ok
1,8000,15998000,25%,Java,148.059793,15.161037,ok
1,8000,15998000,25%,C#,160.756300,21.026700,ok
1,8000,15998000,25%,JavaScript,234.561459,23.857807,ok
1,8000,15998000,25%,Python,2835.589539,653.432162,ok
1,8000,31996000,50%,C,234.270375,25.441471,ok
1,8000,31996000,50%,C++,246.662950,24.557215,ok
1,8000,31996000,50%,Rust,279.105904,22.676957,ok
1,8000,31996000,50%,Go,269.758489,34.350805,ok
1,8000,31996000,50%,Java,231.665593,29.287791,ok
1,8000,31996000,50%,C#,269.954600,41.237000,ok
1,8000,31996000,50%,JavaScript,307.314802,44.236264,ok
1,8000,31996000,50%,Python,3224.281919,1295.315674,ok
1,8000,31996000,adv,C,43.638172,259.901154,ok
1,8000,31996000,adv,C++,49.219567,258.462580,ok
1,8000,31996000,adv,Rust,54.114295,242.469508,ok
1,8000,31996000,adv,Go,83.807636,458.003502,ok
1,8000,31996000,adv,Java,42.695370,312.646288,ok
1,8000,31996000,adv,C#,50.119700,389.039800,ok
1,8000,31996000,adv,JavaScript,67.980896,1872.892701,ok
1,8000,31996000,adv,Python,3408.937371,32538.759139,ok
1,16000,128000,8V,C,412.370929,1.728842,ok
1,16000,128000,8V,C++,420.809806,1.686254,ok
1,16000,128000,8V,Rust,346.303088,1.670863,ok
1,16000,128000,8V,Go,486.728503,2.096443,ok
1,16000,128000,8V,Java,264.318790,2.038276,ok
1,16000,128000,8V,C#,365.960800,1.944700,ok
