mode,label,V,E,source,variant,time_s,pq_ops,edge_ops,updates,reached
sources,deg8,10000,80000,0,mat_arr,0.116206809,100000000,100000000,18095,10000
sources,deg8,10000,80000,0,list_heap,0.000962906,258870,80000,18095,10000
sources,deg8,10000,80000,7949,mat_arr,0.113776075,100000000,100000000,18108,10000
sources,deg8,10000,80000,7949,list_heap,0.000968017,258516,80000,18109,10000
sources,deg8,10000,80000,410,mat_arr,0.107600709,100000000,100000000,18121,10000
sources,deg8,10000,80000,410,list_heap,0.000963062,258484,80000,18121,10000
sources,deg8,10000,80000,1557,mat_arr,0.107761575,100000000,100000000,17958,10000
sources,deg8,10000,80000,1557,list_heap,0.000945059,258025,80000,17958,10000
sources,deg8,10000,80000,6874,mat_arr,0.109379771,100000000,100000000,18171,10000
sources,deg8,10000,80000,6874,list_heap,0.000950251,258817,80000,18171,10000
sources,deg8,10000,80000,4086,mat_arr,0.112189472,100000000,100000000,17978,10000
sources,deg8,10000,80000,4086,list_heap,0.000964333,258722,80000,17978,10000
sources,deg8,10000,80000,724,mat_arr,0.113351532,100000000,100000000,17996,10000
sources,deg8,10000,80000,724,list_heap,0.000966264,258413,80000,17996,10000
sources,deg8,10000,80000,3854,mat_arr,0.108254808,100000000,100000000,18076,10000
sources,deg8,10000,80000,3854,list_heap,0.000961538,258671,80000,18076,10000
sources,deg8,10000,80000,6075,mat_arr,0.110880395,100000000,100000000,17980,10000
sources,deg8,10000,80000,6075,list_heap,0.000952859,258114,80000,17980,10000
sources,deg8,10000,80000,763,mat_arr,0.107918587,100000000,100000000,18143,10000
sources,deg8,10000,80000,763,list_heap,0.000969623,258474,80000,18143,10000
sources,deg8,10000,80000,3623,mat_arr,0.112661162,100000000,100000000,18040,10000
sources,deg8,10000,80000,3623,list_heap,0.000969455,258310,80000,18040,10000
sources,deg8,10000,80000,7828,mat_arr,0.110929710,100000000,100000000,18113,10000
sources,deg8,10000,80000,7828,list_heap,0.000961743,258393,80000,18113,10000
sources,deg8,10000,80000,5,mat_arr,0.109390333,100000000,100000000,18015,10000
sources,deg8,10000,80000,5,list_heap,0.000973454,258941,80000,18015,10000
sources,deg8,10000,80000,8029,mat_arr,0.104350567,100000000,100000000,18101,10000
sources,deg8,10000,80000,8029,list_heap,0.000961281,258457,80000,18101,10000
sources,deg8,10000,80000,360,mat_arr,0.106052069,100000000,100000000,18101,10000
sources,deg8,10000,80000,360,list_heap,0.000959304,258412,80000,18101,10000
sources,deg8,10000,80000,2620,mat_arr,0.111275718,100000000,100000000,18058,10000
sources,deg8,10000,80000,2620,list_heap,0.000948953,258577,80000,18058,10000
sources,deg8,10000,80000,8667,mat_arr,0.110662400,100000000,100000000,18131,10000
sources,deg8,10000,80000,8667,list_heap,0.000963609,259014,80000,18131,10000
sources,deg8,10000,80000,3567,mat_arr,0.106835811,100000000,100000000,18060,10000
sources,deg8,10000,80000,3567,list_heap,0.000980168,258366,80000,18060,10000
sources,deg8,10000,80000,6871,mat_arr,0.106323049,100000000,100000000,17956,10000
sources,deg8,10000,80000,6871,list_heap,0.000958613,258587,80000,17956,10000
sources,deg8,10000,80000,1377,mat_arr,0.113052475,100000000,100000000,18039,10000
sources,deg8,10000,80000,1377,list_heap,0.000962310,258540,80000,18039,10000
sources,deg100,10000,1000000,0,mat_arr,0.113530131,100000000,100000000,42029,10000
sources,deg100,10000,1000000,0,list_heap,0.001926846,302558,1000000,42029,10000
sources,deg100,10000,1000000,9978,mat_arr,0.110360513,100000000,100000000,41874,10000
sources,deg100,10000,1000000,9978,list_heap,0.001906519,302650,1000000,41874,10000
sources,deg100,10000,1000000,487,mat_arr,0.111836064,100000000,100000000,42199,10000
sources,deg100,10000,1000000,487,list_heap,0.001949764,303011,1000000,42198,10000
sources,deg100,10000,1000000,9246,mat_arr,0.111068719,100000000,100000000,42129,10000
sources,deg100,10000,1000000,9246,list_heap,0.001956392,302570,1000000,42130,10000
sources,deg100,10000,1000000,9992,mat_arr,0.106713361,100000000,100000000,41924,10000
sources,deg100,10000,1000000,9992,list_heap,0.001912850,302306,1000000,41923,10000
sources,deg100,10000,1000000,8487,mat_arr,0.114893215,100000000,100000000,41936,10000
sources,deg100,10000,1000000,8487,list_heap,0.001940638,302645,1000000,41936,10000
sources,deg100,10000,1000000,7168,mat_arr,0.113631404,100000000,100000000,42142,10000
sources,deg100,10000,1000000,7168,list_heap,0.001958091,302943,1000000,42140,10000
sources,deg100,10000,1000000,1732,mat_arr,0.110180162,100000000,100000000,41943,10000
sources,deg100,10000,1000000,1732,list_heap,0.001955071,303115,1000000,41943,10000
sources,deg100,10000,1000000,2893,mat_arr,0.110104979,100000000,100000000,41991,10000
sources,deg100,10000,1000000,2893,list_heap,0.001930954,302475,1000000,41991,10000
sources,deg100,10000,1000000,8301,mat_arr,0.111287249,100000000,100000000,42105,10000
sources,deg100,10000,1000000,8301,list_heap,0.001946769,302049,1000000,42105,10000
sources,deg100,10000,1000000,9975,mat_arr,0.107000544,100000000,100000000,41629,10000
sources,deg100,10000,1000000,9975,list_heap,0.001939507,302370,1000000,41630,10000
sources,deg100,10000,1000000,2538,mat_arr,0.105539087,100000000,100000000,41910,10000
sources,deg100,10000,1000000,2538,list_heap,0.001899892,302283,1000000,41908,10000
sources,deg100,10000,1000000,5687,mat_arr,0.107996020,100000000,100000000,42259,10000
sources,deg100,10000,1000000,5687,list_heap,0.001949472,302979,1000000,42258,10000
sources,deg100,10000,1000000,5105,mat_arr,0.111902622,100000000,100000000,41586,10000
sources,deg100,10000,1000000,5105,list_heap,0.001923981,302269,1000000,41586,10000
sources,deg100,10000,1000000,6188,mat_arr,0.112274419,100000000,100000000,42078,10000
sources,deg100,10000,1000000,6188,list_heap,0.001934918,302538,1000000,42077,10000
sources,deg100,10000,1000000,3288,mat_arr,0.107790606,100000000,100000000,41904,10000
sources,deg100,10000,1000000,3288,list_heap,0.001923730,302413,1000000,41904,10000
sources,deg100,10000,1000000,9774,mat_arr,0.112990577,100000000,100000000,42074,10000
sources,deg100,10000,1000000,9774,list_heap,0.001900478,302680,1000000,42073,10000
sources,deg100,10000,1000000,8225,mat_arr,0.111003007,100000000,100000000,41703,10000
sources,deg100,10000,1000000,8225,list_heap,0.001914041,302321,1000000,41702,10000
sources,deg100,10000,1000000,7848,mat_arr,0.111451507,100000000,100000000,41784,10000
sources,deg100,10000,1000000,7848,list_heap,0.001950004,302401,1000000,41783,10000
sources,deg100,10000,1000000,6008,mat_arr,0.109729689,100000000,100000000,42233,10000
sources,deg100,10000,1000000,6008,list_heap,0.001913357,302816,1000000,42233,10000
sources,deg1000,10000,10000000,0,mat_arr,0.177512839,100000000,100000000,64666,10000
sources,deg1000,10000,10000000,0,list_heap,0.011322970,342248,10000000,64664,10000
sources,deg1000,10000,10000000,3471,mat_arr,0.177042668,100000000,100000000,65170,10000
sources,deg1000,10000,10000000,3471,list_heap,0.011433368,343996,10000000,65164,10000
sources,deg1000,10000,10000000,348,mat_arr,0.176744564,100000000,100000000,65004,10000
sources,deg1000,10000,10000000,348,list_heap,0.012690479,343593,10000000,65010,10000
sources,deg1000,10000,10000000,9603,mat_arr,0.177141961,100000000,100000000,65021,10000
sources,deg1000,10000,10000000,9603,list_heap,0.012683376,343463,10000000,65019,10000
sources,deg1000,10000,10000000,9833,mat_arr,0.176573471,100000000,100000000,65003,10000
sources,deg1000,10000,10000000,9833,list_heap,0.012514526,342583,10000000,65000,10000
sources,deg1000,10000,10000000,8461,mat_arr,0.176646285,100000000,100000000,65140,10000
sources,deg1000,10000,10000000,8461,list_heap,0.011342627,343725,10000000,65150,10000
sources,deg1000,10000,10000000,3602,mat_arr,0.176889993,100000000,100000000,64760,10000
sources,deg1000,10000,10000000,3602,list_heap,0.012732391,343016,10000000,64747,10000
sources,deg1000,10000,10000000,6361,mat_arr,0.177738944,100000000,100000000,65115,10000
sources,deg1000,10000,10000000,6361,list_heap,0.011120691,342999,10000000,65113,10000
sources,deg1000,10000,10000000,5470,mat_arr,0.176676486,100000000,100000000,64793,10000
sources,deg1000,10000,10000000,5470,list_heap,0.012503580,343408,10000000,64792,10000
sources,deg1000,10000,10000000,3019,mat_arr,0.176331210,100000000,100000000,65008,10000
sources,deg1000,10000,10000000,3019,list_heap,0.012709947,343053,10000000,65009,10000
sources,deg1000,10000,10000000,2077,mat_arr,0.176674242,100000000,100000000,65076,10000
sources,deg1000,10000,10000000,2077,list_heap,0.012587565,343328,10000000,65078,10000
sources,deg1000,10000,10000000,3961,mat_arr,0.177208698,100000000,100000000,64705,10000
sources,deg1000,10000,10000000,3961,list_heap,0.012468426,342369,10000000,64711,10000
sources,deg1000,10000,10000000,5220,mat_arr,0.176847771,100000000,100000000,64726,10000
sources,deg1000,10000,10000000,5220,list_heap,0.011360362,342775,10000000,64724,10000
sources,deg1000,10000,10000000,8680,mat_arr,0.176589124,100000000,100000000,65037,10000
sources,deg1000,10000,10000000,8680,list_heap,0.012529450,343511,10000000,65037,10000
sources,deg1000,10000,10000000,8521,mat_arr,0.177695032,100000000,100000000,64601,10000
sources,deg1000,10000,10000000,8521,list_heap,0.012644943,342691,10000000,64596,10000
sources,deg1000,10000,10000000,558,mat_arr,0.176446583,100000000,100000000,64744,10000
sources,deg1000,10000,10000000,558,list_heap,0.012446551,342740,10000000,64744,10000
sources,deg1000,10000,10000000,9228,mat_arr,0.177075101,100000000,100000000,65081,10000
sources,deg1000,10000,10000000,9228,list_heap,0.011444445,342920,10000000,65076,10000
sources,deg1000,10000,10000000,4052,mat_arr,0.176542080,100000000,100000000,64780,10000
sources,deg1000,10000,10000000,4052,list_heap,0.010807511,342050,10000000,64784,10000
sources,deg1000,10000,10000000,5053,mat_arr,0.177658303,100000000,100000000,64594,10000
sources,deg1000,10000,10000000,5053,list_heap,0.010905032,342646,10000000,64598,10000
sources,deg1000,10000,10000000,2793,mat_arr,0.176847298,100000000,100000000,64858,10000
sources,deg1000,10000,10000000,2793,list_heap,0.011085121,342735,10000000,64865,10000
