mode,label,V,E,variant,time_s,pq_ops,edge_ops,updates,reps,trials
vsE,V1000,1000,999,mat_arr_bf,0.000823729,1000000,1000000,999,28,5
vsE,V1000,1000,999,list_arr,0.000538306,1000000,999,999,56,5
vsE,V1000,1000,999,mat_heap,0.000232911,16922,1000000,999,43,5
vsE,V1000,1000,1777,mat_arr_bf,0.000832339,1000000,1000000,1070,38,5
vsE,V1000,1000,1777,list_arr,0.000528349,1000000,1777,1070,53,5
vsE,V1000,1000,1777,mat_heap,0.000230728,17327,1000000,1070,40,5
vsE,V1000,1000,3159,mat_arr_bf,0.000809446,1000000,1000000,1222,37,5
vsE,V1000,1000,3159,list_arr,0.000546389,1000000,3159,1222,53,5
vsE,V1000,1000,3159,mat_heap,0.000262587,17987,1000000,1222,40,5
vsE,V1000,1000,5618,mat_arr_bf,0.000824660,1000000,1000000,1537,37,5
vsE,V1000,1000,5618,list_arr,0.000541200,1000000,5618,1537,52,5
vsE,V1000,1000,5618,mat_heap,0.000261461,18695,1000000,1537,42,5
vsE,V1000,1000,9990,mat_arr_bf,0.000817987,1000000,1000000,2038,36,5
vsE,V1000,1000,9990,list_arr,0.000544731,1000000,9990,2038,54,5
vsE,V1000,1000,9990,mat_heap,0.000292260,19587,1000000,2038,44,5
vsE,V1000,1000,17765,mat_arr_bf,0.000826674,1000000,1000000,2583,38,5
vsE,V1000,1000,17765,list_arr,0.000561351,1000000,17765,2583,51,5
vsE,V1000,1000,17765,mat_heap,0.000370244,20612,1000000,2583,35,5
vsE,V1000,1000,31591,mat_arr_bf,0.000839655,1000000,1000000,3077,34,5
vsE,V1000,1000,31591,list_arr,0.000575756,1000000,31591,3077,49,5
vsE,V1000,1000,31591,mat_heap,0.000471868,21561,1000000,3077,40,5
vsE,V1000,1000,56178,mat_arr_bf,0.000835272,1000000,1000000,3683,35,5
vsE,V1000,1000,56178,list_arr,0.000570147,1000000,56178,3683,45,5
vsE,V1000,1000,56178,mat_heap,0.000677059,22513,1000000,3683,35,5
vsE,V1000,1000,99900,mat_arr_bf,0.000840902,1000000,1000000,4234,35,5
vsE,V1000,1000,99900,list_arr,0.000597714,1000000,99900,4234,42,5
vsE,V1000,1000,99900,mat_heap,0.001006349,23605,1000000,4234,26,5
vsE,V1000,1000,177650,mat_arr_bf,0.000837704,1000000,1000000,4604,34,5
vsE,V1000,1000,177650,list_arr,0.000628945,1000000,177650,4604,39,5
vsE,V1000,1000,177650,mat_heap,0.001486427,24181,1000000,4604,19,5
vsE,V1000,1000,315912,mat_arr_bf,0.000857954,1000000,1000000,5389,35,5
vsE,V1000,1000,315912,list_arr,0.000681524,1000000,315912,5389,32,5
vsE,V1000,1000,315912,mat_heap,0.002272940,25665,1000000,5389,13,5
vsE,V1000,1000,561779,mat_arr_bf,0.000863801,1000000,1000000,6072,31,5
vsE,V1000,1000,561779,list_arr,0.000777898,1000000,561779,6072,22,5
vsE,V1000,1000,561779,mat_heap,0.002771788,26484,1000000,6072,11,5
vsE,V1000,1000,999000,mat_arr_bf,0.000859510,1000000,1000000,6534,31,5
vsE,V1000,1000,999000,list_arr,0.001012479,1000000,999000,6534,16,5
vsE,V1000,1000,999000,mat_heap,0.000351479,27200,1000000,6534,37,5
vsE,V3000,3000,2999,mat_arr_bf,0.010612146,9000000,9000000,2999,3,5
vsE,V3000,3000,2999,list_arr,0.004415867,9000000,2999,2999,7,5
vsE,V3000,3000,2999,mat_heap,0.006124680,60708,9000000,2999,5,5
vsE,V3000,3000,5844,mat_arr_bf,0.010533094,9000000,9000000,3269,3,5
vsE,V3000,3000,5844,list_arr,0.004452512,9000000,5844,3269,7,5
vsE,V3000,3000,5844,mat_heap,0.006117087,62068,9000000,3269,4,5
vsE,V3000,3000,11389,mat_arr_bf,0.009845000,9000000,9000000,3941,4,5
vsE,V3000,3000,11389,list_arr,0.004409470,9000000,11389,3941,7,5
vsE,V3000,3000,11389,mat_heap,0.005708896,64090,9000000,3941,5,5
vsE,V3000,3000,22195,mat_arr_bf,0.009270029,9000000,9000000,5300,4,5
vsE,V3000,3000,22195,list_arr,0.004430909,9000000,22195,5300,7,5
vsE,V3000,3000,22195,mat_heap,0.004698147,66834,9000000,5300,3,5
vsE,V3000,3000,43253,mat_arr_bf,0.009409109,9000000,9000000,7013,4,5
vsE,V3000,3000,43253,list_arr,0.004454423,9000000,43253,7013,7,5
vsE,V3000,3000,43253,mat_heap,0.004681994,70221,9000000,7013,8,5
vsE,V3000,3000,84290,mat_arr_bf,0.009684603,9000000,9000000,8874,4,5
vsE,V3000,3000,84290,list_arr,0.004473348,9000000,84290,8874,7,5
vsE,V3000,3000,84290,mat_heap,0.005550347,73732,9000000,8874,6,5
vsE,V3000,3000,164262,mat_arr_bf,0.009030497,9000000,9000000,10854,4,5
vsE,V3000,3000,164262,list_arr,0.004492831,9000000,164262,10854,7,5
vsE,V3000,3000,164262,mat_heap,0.005578983,77340,9000000,10854,5,5
vsE,V3000,3000,320108,mat_arr_bf,0.008874484,9000000,9000000,12806,4,5
vsE,V3000,3000,320108,list_arr,0.004750188,9000000,320108,12806,6,5
vsE,V3000,3000,320108,mat_heap,0.005872077,80584,9000000,12806,5,5
vsE,V3000,3000,623817,mat_arr_bf,0.009341678,9000000,9000000,14819,4,5
vsE,V3000,3000,623817,list_arr,0.004975550,9000000,623817,14819,6,5
vsE,V3000,3000,623817,mat_heap,0.007863297,84295,9000000,14820,4,5
vsE,V3000,3000,1215675,mat_arr_bf,0.009929260,9000000,9000000,16743,4,5
vsE,V3000,3000,1215675,list_arr,0.005493465,9000000,1215675,16743,6,5
vsE,V3000,3000,1215675,mat_heap,0.011499219,87437,9000000,16743,3,5
vsE,V3000,3000,2369068,mat_arr_bf,0.009240311,9000000,9000000,18808,4,5
vsE,V3000,3000,2369068,list_arr,0.006820398,9000000,2369068,18808,5,5
vsE,V3000,3000,2369068,mat_heap,0.018104091,90974,9000000,18810,2,5
vsE,V3000,3000,4616763,mat_arr_bf,0.009748143,9000000,9000000,20915,4,5
vsE,V3000,3000,4616763,list_arr,0.008341852,9000000,4616763,20915,4,5
vsE,V3000,3000,4616763,mat_heap,0.025782416,94518,9000000,20915,2,5
vsE,V3000,3000,8997000,mat_arr_bf,0.009651763,9000000,9000000,22732,4,5
vsE,V3000,3000,8997000,list_arr,0.012825878,9000000,8997000,22732,3,5
vsE,V3000,3000,8997000,mat_heap,0.005263700,96482,9000000,22740,6,5
vsE,V10000,10000,9999,mat_arr_bf,0.102995958,100000000,100000000,9999,1,5
vsE,V10000,10000,9999,list_arr,0.050372422,100000000,9999,9999,1,5
vsE,V10000,10000,9999,mat_heap,0.057635268,235686,100000000,9999,1,5
vsE,V10000,10000,21542,mat_arr_bf,0.105003745,100000000,100000000,11041,1,5
vsE,V10000,10000,21542,list_arr,0.050379100,100000000,21542,11041,1,5
vsE,V10000,10000,21542,mat_heap,0.053514652,242114,100000000,11041,1,5
vsE,V10000,10000,46411,mat_arr_bf,0.108988541,100000000,100000000,14397,1,5
vsE,V10000,10000,46411,list_arr,0.050540454,100000000,46411,14397,1,5
vsE,V10000,10000,46411,mat_heap,0.051772175,251266,100000000,14397,1,5
vsE,V10000,10000,99990,mat_arr_bf,0.104370751,100000000,100000000,20105,1,5
vsE,V10000,10000,99990,list_arr,0.050508360,100000000,99990,20105,1,5
vsE,V10000,10000,99990,mat_heap,0.049197970,262650,100000000,20105,1,5
vsE,V10000,10000,215422,mat_arr_bf,0.104304905,100000000,100000000,26889,1,5
vsE,V10000,10000,215422,list_arr,0.051262561,100000000,215422,26889,1,5
vsE,V10000,10000,215422,mat_heap,0.047835928,275618,100000000,26889,1,5
vsE,V10000,10000,464112,mat_arr_bf,0.105290955,100000000,100000000,34206,1,5
vsE,V10000,10000,464112,list_arr,0.052212678,100000000,464112,34206,1,5
vsE,V10000,10000,464112,mat_heap,0.062665167,288687,100000000,34208,1,5
vsE,V10000,10000,999900,mat_arr_bf,0.106517648,100000000,100000000,41757,1,5
vsE,V10000,10000,999900,list_arr,0.053425499,100000000,999900,41757,1,5
vsE,V10000,10000,999900,mat_heap,0.053871536,301626,100000000,41757,1,5
vsE,V10000,10000,2154219,mat_arr_bf,0.103478465,100000000,100000000,49362,1,5
vsE,V10000,10000,2154219,list_arr,0.054714236,100000000,2154219,49362,1,5
vsE,V10000,10000,2154219,mat_heap,0.060753656,315228,100000000,49362,1,5
vsE,V10000,10000,4641125,mat_arr_bf,0.105525991,100000000,100000000,57360,1,5
vsE,V10000,10000,4641125,list_arr,0.057372616,100000000,4641125,57360,1,5
vsE,V10000,10000,4641125,mat_heap,0.067725198,329483,100000000,57360,1,5
vsE,V10000,10000,9999000,mat_arr_bf,0.102948556,100000000,100000000,65059,1,5
vsE,V10000,10000,9999000,list_arr,0.063846662,100000000,9999000,65059,1,5
vsE,V10000,10000,9999000,mat_heap,0.103302389,343185,100000000,65058,1,5
vsE,V10000,10000,21542192,mat_arr_bf,0.104052813,100000000,100000000,72665,1,5
vsE,V10000,10000,21542192,list_arr,0.074872354,100000000,21542192,72665,1,5
vsE,V10000,10000,21542192,mat_heap,0.174298585,356151,100000000,72663,1,5
vsE,V10000,10000,46411247,mat_arr_bf,0.107997385,100000000,100000000,80351,1,5
vsE,V10000,10000,46411247,list_arr,0.103418164,100000000,46411247,80351,1,5
vsE,V10000,10000,46411247,mat_heap,0.290014352,368705,100000000,80381,1,5
vsE,V10000,10000,99990000,mat_arr_bf,0.115723641,100000000,100000000,87900,1,5
vsE,V10000,10000,99990000,list_arr,0.157656231,100000000,99990000,87900,1,5
vsE,V10000,10000,99990000,mat_heap,0.064552719,378288,100000000,87870,1,5
